title,price,link,image
Skip to,500,,
"-16 of 75 results for""steam cleaning power efficient washing machine""",2499,,
"[LG 9 Kg, 5 Star, AI Direct Drive Technology, Steam, 6 Motion DD & Wi-Fi Fully-Automatic Front Load Washing Machine (FHP1209Z5M, Intelligent & Convenient Fabric Care, Allergy Care, Middle Black)](https://www.amazon.in/sspa/click?ie=UTF8&spc=MTo1MzEyOTYwMTkxMzQzMjQyOjE3NTI5MDAyNTA6c3BfYXRmOjMwMDQ5OTk3NzczNTkzMjo6MDo6&url=%2FLG-Inverter-Fully-Automatic-Washing-FHP1209Z5M%2Fdp%2FB0C3LHV43S%2Fref%3Dsr_1_2_sspa%3Fdib%3DeyJ2IjoiMSJ9.EwC7Iyl09_nx98Re8KJ3OKsqSuANbGsdBxVv889poHqv43Q0QyKK2WGPvNeDpFgAmzIK-8FJ6rMpBWPtjA1Z0ZIXlwrMfRdMfuKvvuNB3jT0nJepun6SNBDdnKilwDaD9gBscrIyhT841umBhnF9JLDKlEB71ETgH1sQrDHvCrUMDB2XL49YSBUp2w5VGmJ4Bj5kUEHf21FqmGxb-YRy7VXFAuboXbltsL-a5yphlJE.JmxEhZ3Wk07i_qFwuPe5qipdJraV4KyUJ0HbffzxUHI%26dib_tag%3Dse%26keywords%3Dsteam%2Bcleaning%2Bpower%2Befficient%2Bwashing%2Bmachine%26qid%3D1752900250%26sr%3D8-2-spons%26sp_csd%3Dd2lkZ2V0TmFtZT1zcF9hdGY%26psc%3D1&sp_cr=DUB)",38990,,
"[SMARAN Washing Machine Cleaner Descaler 24 Pack - Deep Cleaning Tablets For HE Front Loader & Top Load Washer, Clean Inside Drum And Laundry Tub Seal (Washing Machine Cleaner Tablets - 24 Pack)](https://www.amazon.in/SMARAN-Washing-Machine-Cleaner-Descaler/dp/B0F4XRYT79/ref=sr_1_3?dib=eyJ2IjoiMSJ9.EwC7Iyl09_nx98Re8KJ3OKsqSuANbGsdBxVv889poHqv43Q0QyKK2WGPvNeDpFgAmzIK-8FJ6rMpBWPtjA1Z0ZIXlwrMfRdMfuKvvuNB3jT0nJepun6SNBDdnKilwDaD9gBscrIyhT841umBhnF9JLDKlEB71ETgH1sQrDHvCrUMDB2XL49YSBUp2w5VGmJ4Bj5kUEHf21FqmGxb-YRy7VXFAuboXbltsL-a5yphlJE.JmxEhZ3Wk07i_qFwuPe5qipdJraV4KyUJ0HbffzxUHI&dib_tag=se&keywords=steam+cleaning+power+efficient+washing+machine&qid=1752900250&sr=8-3)",156,,
"[Washing Machine TABLET Cleaner Descaler 16 Pack - Deep Cleaning Tablets For HE Front Loader & Top Load Washer, Clean Inside Drum And Laundry Tub Seal (Washing Machine Cleaner Tablets - 16 Pack)](https://www.amazon.in/Washing-Machine-TABLET-Cleaner-Descaler/dp/B0F3JG2ZKY/ref=sr_1_4?dib=eyJ2IjoiMSJ9.EwC7Iyl09_nx98Re8KJ3OKsqSuANbGsdBxVv889poHqv43Q0QyKK2WGPvNeDpFgAmzIK-8FJ6rMpBWPtjA1Z0ZIXlwrMfRdMfuKvvuNB3jT0nJepun6SNBDdnKilwDaD9gBscrIyhT841umBhnF9JLDKlEB71ETgH1sQrDHvCrUMDB2XL49YSBUp2w5VGmJ4Bj5kUEHf21FqmGxb-YRy7VXFAuboXbltsL-a5yphlJE.JmxEhZ3Wk07i_qFwuPe5qipdJraV4KyUJ0HbffzxUHI&dib_tag=se&keywords=steam+cleaning+power+efficient+washing+machine&qid=1752900250&sr=8-4)",149,,
"[ACTIVE Washing Machine Cleaner Descaler 24 Pack - Deep Cleaning Tablets For HE Front Loader & Top Load Washer, Clean Inside Drum And Laundry Tub Seal (Washing Machine Cleaner Tablets - 24 Pack)](https://www.amazon.in/Washing-Machine-Cleaner-Descaler-Pack/dp/B08DVFZTTG/ref=sr_1_5?dib=eyJ2IjoiMSJ9.EwC7Iyl09_nx98Re8KJ3OKsqSuANbGsdBxVv889poHqv43Q0QyKK2WGPvNeDpFgAmzIK-8FJ6rMpBWPtjA1Z0ZIXlwrMfRdMfuKvvuNB3jT0nJepun6SNBDdnKilwDaD9gBscrIyhT841umBhnF9JLDKlEB71ETgH1sQrDHvCrUMDB2XL49YSBUp2w5VGmJ4Bj5kUEHf21FqmGxb-YRy7VXFAuboXbltsL-a5yphlJE.JmxEhZ3Wk07i_qFwuPe5qipdJraV4KyUJ0HbffzxUHI&dib_tag=se&keywords=steam+cleaning+power+efficient+washing+machine&qid=1752900250&sr=8-5)",109,,
More results,141,,
"[Front Load Washing Machine Drum Cleaning Powder, Top Load Washing Machine Tub Cleaner Powder, Descale Powder For Washing Machine [Pack OF 2, 150 GM Each]](https://www.amazon.in/Atomic-Washing-Machine-Cleaner-Powder/dp/B0794SSGR5/ref=sr_1_7?dib=eyJ2IjoiMSJ9.EwC7Iyl09_nx98Re8KJ3OKsqSuANbGsdBxVv889poHqv43Q0QyKK2WGPvNeDpFgAmzIK-8FJ6rMpBWPtjA1Z0ZIXlwrMfRdMfuKvvuNB3jT0nJepun6SNBDdnKilwDaD9gBscrIyhT841umBhnF9JLDKlEB71ETgH1sQrDHvCrUMDB2XL49YSBUp2w5VGmJ4Bj5kUEHf21FqmGxb-YRy7VXFAuboXbltsL-a5yphlJE.JmxEhZ3Wk07i_qFwuPe5qipdJraV4KyUJ0HbffzxUHI&dib_tag=se&keywords=steam+cleaning+power+efficient+washing+machine&qid=1752900250&sr=8-7)",194,,
[LOOM TREE® High Temperature Steam Cleaner Steam Cleaner for Car Washing Machine Kitchen | Household Supplies & Cleaning | Carpet Steamers](https://www.amazon.in/LOOM-Temperature-Household-Supplies-Cleaning/dp/B0DXKJ1JSP/ref=sr_1_8?dib=eyJ2IjoiMSJ9.EwC7Iyl09_nx98Re8KJ3OKsqSuANbGsdBxVv889poHqv43Q0QyKK2WGPvNeDpFgAmzIK-8FJ6rMpBWPtjA1Z0ZIXlwrMfRdMfuKvvuNB3jT0nJepun6SNBDdnKilwDaD9gBscrIyhT841umBhnF9JLDKlEB71ETgH1sQrDHvCrUMDB2XL49YSBUp2w5VGmJ4Bj5kUEHf21FqmGxb-YRy7VXFAuboXbltsL-a5yphlJE.JmxEhZ3Wk07i_qFwuPe5qipdJraV4KyUJ0HbffzxUHI&dib_tag=se&keywords=steam+cleaning+power+efficient+washing+machine&qid=1752900250&sr=8-8),10557,,
"[Wazdorf Washing Machine Cleaner Tablets - Deep Clean & Descale | Removes Odor, Limescale & Residue | Suitable for Front & Top Load | Non-Toxic, Eco-Friendly & Safe[12 Pcs]](https://www.amazon.in/Wazdorf-Washing-Machine-Cleaner-Tablets/dp/B0DZNTKG9P/ref=sr_1_9?dib=eyJ2IjoiMSJ9.EwC7Iyl09_nx98Re8KJ3OKsqSuANbGsdBxVv889poHqv43Q0QyKK2WGPvNeDpFgAmzIK-8FJ6rMpBWPtjA1Z0ZIXlwrMfRdMfuKvvuNB3jT0nJepun6SNBDdnKilwDaD9gBscrIyhT841umBhnF9JLDKlEB71ETgH1sQrDHvCrUMDB2XL49YSBUp2w5VGmJ4Bj5kUEHf21FqmGxb-YRy7VXFAuboXbltsL-a5yphlJE.JmxEhZ3Wk07i_qFwuPe5qipdJraV4KyUJ0HbffzxUHI&dib_tag=se&keywords=steam+cleaning+power+efficient+washing+machine&qid=1752900250&sr=8-9)",120,,
[High Pressure Steamer Cooktop Washing Machine High Temperature Steam Cleaner|Home & Garden | Household Supplies & Cleaning | Carpet Steamers|1 Steam Cleaner US Plug](https://www.amazon.in/Pressure-Temperature-Household-Supplies-Cleaning/dp/B0DXPLGFT1/ref=sr_1_10?dib=eyJ2IjoiMSJ9.EwC7Iyl09_nx98Re8KJ3OKsqSuANbGsdBxVv889poHqv43Q0QyKK2WGPvNeDpFgAmzIK-8FJ6rMpBWPtjA1Z0ZIXlwrMfRdMfuKvvuNB3jT0nJepun6SNBDdnKilwDaD9gBscrIyhT841umBhnF9JLDKlEB71ETgH1sQrDHvCrUMDB2XL49YSBUp2w5VGmJ4Bj5kUEHf21FqmGxb-YRy7VXFAuboXbltsL-a5yphlJE.JmxEhZ3Wk07i_qFwuPe5qipdJraV4KyUJ0HbffzxUHI&dib_tag=se&keywords=steam+cleaning+power+efficient+washing+machine&qid=1752900250&sr=8-10),10308,,
"[Whirlpool 8 Kg 5 Star Inverter Front Load Fully Automatic Washing Machine with In-Built Heater (XS8014BWME, MidNight Grey, Steam Technology, 100+ Tough Stains, 6th Sense Soft Move)](https://www.amazon.in/sspa/click?ie=UTF8&spc=MTo1MzEyOTYwMTkxMzQzMjQyOjE3NTI5MDAyNTA6c3BfbXRmOjMwMDU1MDgzMTA1NzMzMjo6MDo6&url=%2FWhirlpool-Inverter-Automatic-XS8014BWME-Technology%2Fdp%2FB0F24G847Q%2Fref%3Dsr_1_11_sspa%3Fdib%3DeyJ2IjoiMSJ9.EwC7Iyl09_nx98Re8KJ3OKsqSuANbGsdBxVv889poHqv43Q0QyKK2WGPvNeDpFgAmzIK-8FJ6rMpBWPtjA1Z0ZIXlwrMfRdMfuKvvuNB3jT0nJepun6SNBDdnKilwDaD9gBscrIyhT841umBhnF9JLDKlEB71ETgH1sQrDHvCrUMDB2XL49YSBUp2w5VGmJ4Bj5kUEHf21FqmGxb-YRy7VXFAuboXbltsL-a5yphlJE.JmxEhZ3Wk07i_qFwuPe5qipdJraV4KyUJ0HbffzxUHI%26dib_tag%3Dse%26keywords%3Dsteam%2Bcleaning%2Bpower%2Befficient%2Bwashing%2Bmachine%26qid%3D1752900250%26sr%3D8-11-spons%26sp_csd%3Dd2lkZ2V0TmFtZT1zcF9tdGY%26psc%3D1&sp_cr=DUB)",160,,
"[RAGHAVENDRA SARKAR® Active Washing Machine Cleaner Descaler 24 Pack - Deep Cleaning Tablets for HE Front Loader & Top Load Washer, Clean Inside Drum and Laundry Tub Seal](https://www.amazon.in/Raghavendra-Sarkar-Washing-Machine-Descaler/dp/B0BTD6WXM1/ref=sr_1_14?dib=eyJ2IjoiMSJ9.EwC7Iyl09_nx98Re8KJ3OKsqSuANbGsdBxVv889poHqv43Q0QyKK2WGPvNeDpFgAmzIK-8FJ6rMpBWPtjA1Z0ZIXlwrMfRdMfuKvvuNB3jT0nJepun6SNBDdnKilwDaD9gBscrIyhT841umBhnF9JLDKlEB71ETgH1sQrDHvCrUMDB2XL49YSBUp2w5VGmJ4Bj5kUEHf21FqmGxb-YRy7VXFAuboXbltsL-a5yphlJE.JmxEhZ3Wk07i_qFwuPe5qipdJraV4KyUJ0HbffzxUHI&dib_tag=se&keywords=steam+cleaning+power+efficient+washing+machine&qid=1752900250&sr=8-14)",269,,
[Atomic Washing Machine Cleaner - Tub & Drum Descaling Powder For Top & Front Load - Pack OF 3 (150gm Each)](https://www.amazon.in/Atomic-Washing-Machine-Cleaning-Powder/dp/B0794R3XDH/ref=sr_1_15?dib=eyJ2IjoiMSJ9.EwC7Iyl09_nx98Re8KJ3OKsqSuANbGsdBxVv889poHqv43Q0QyKK2WGPvNeDpFgAmzIK-8FJ6rMpBWPtjA1Z0ZIXlwrMfRdMfuKvvuNB3jT0nJepun6SNBDdnKilwDaD9gBscrIyhT841umBhnF9JLDKlEB71ETgH1sQrDHvCrUMDB2XL49YSBUp2w5VGmJ4Bj5kUEHf21FqmGxb-YRy7VXFAuboXbltsL-a5yphlJE.JmxEhZ3Wk07i_qFwuPe5qipdJraV4KyUJ0HbffzxUHI&dib_tag=se&keywords=steam+cleaning+power+efficient+washing+machine&qid=1752900250&sr=8-15),234,,
"[Karcher SC 3 EasyFix Steam Cleaning Machine, 3.5 Bar, 75 m² Cleaning Area](https://www.amazon.in/Karcher-EasyFix-Steam-Cleaning-Machine/dp/B0CGF9J3D9/ref=sr_1_16?dib=eyJ2IjoiMSJ9.EwC7Iyl09_nx98Re8KJ3OKsqSuANbGsdBxVv889poHqv43Q0QyKK2WGPvNeDpFgAmzIK-8FJ6rMpBWPtjA1Z0ZIXlwrMfRdMfuKvvuNB3jT0nJepun6SNBDdnKilwDaD9gBscrIyhT841umBhnF9JLDKlEB71ETgH1sQrDHvCrUMDB2XL49YSBUp2w5VGmJ4Bj5kUEHf21FqmGxb-YRy7VXFAuboXbltsL-a5yphlJE.JmxEhZ3Wk07i_qFwuPe5qipdJraV4KyUJ0HbffzxUHI&dib_tag=se&keywords=steam+cleaning+power+efficient+washing+machine&qid=1752900250&sr=8-16)",18498,,
"[Washing Machine Cleaner Descaler 12 Pack - Deep Cleaning Tablets For HE Front Loader & Top Load Washer, Clean Inside Drum And Laundry Tub Seal (Washing Machine Cleaner Tablets - 12 Pack)](https://www.amazon.in/Washing-Machine-Cleaner-Descaler-Pack/dp/B0DTZ573FX/ref=sr_1_17?dib=eyJ2IjoiMSJ9.EwC7Iyl09_nx98Re8KJ3OKsqSuANbGsdBxVv889poHqv43Q0QyKK2WGPvNeDpFgAmzIK-8FJ6rMpBWPtjA1Z0ZIXlwrMfRdMfuKvvuNB3jT0nJepun6SNBDdnKilwDaD9gBscrIyhT841umBhnF9JLDKlEB71ETgH1sQrDHvCrUMDB2XL49YSBUp2w5VGmJ4Bj5kUEHf21FqmGxb-YRy7VXFAuboXbltsL-a5yphlJE.JmxEhZ3Wk07i_qFwuPe5qipdJraV4KyUJ0HbffzxUHI&dib_tag=se&keywords=steam+cleaning+power+efficient+washing+machine&qid=1752900250&sr=8-17)",199,,
[LOOM TREE® High Pressure Steamer Cooktop Washing Machine High Temperature Steam Cleaner | Household Supplies & Cleaning | Carpet Steamers](https://www.amazon.in/LOOM-Pressure-Temperature-Household-Supplies/dp/B0DQXH5HDL/ref=sr_1_18?dib=eyJ2IjoiMSJ9.EwC7Iyl09_nx98Re8KJ3OKsqSuANbGsdBxVv889poHqv43Q0QyKK2WGPvNeDpFgAmzIK-8FJ6rMpBWPtjA1Z0ZIXlwrMfRdMfuKvvuNB3jT0nJepun6SNBDdnKilwDaD9gBscrIyhT841umBhnF9JLDKlEB71ETgH1sQrDHvCrUMDB2XL49YSBUp2w5VGmJ4Bj5kUEHf21FqmGxb-YRy7VXFAuboXbltsL-a5yphlJE.JmxEhZ3Wk07i_qFwuPe5qipdJraV4KyUJ0HbffzxUHI&dib_tag=se&keywords=steam+cleaning+power+efficient+washing+machine&qid=1752900250&sr=8-18),10307,,
"[Home & Kitchen›Kitchen & Home Appliances›Vacuum, Cleaning & Ironing›Pressure Washers, Steam & Window Cleaners](https://www.amazon.in/Kitchen%E2%80%BAKitchen-Appliances%E2%80%BAVacuum-Cleaning-Ironing%E2%80%BAPressure-Cleaners/dp/B0CRDG6HG4/ref=sr_1_19?dib=eyJ2IjoiMSJ9.EwC7Iyl09_nx98Re8KJ3OKsqSuANbGsdBxVv889poHqv43Q0QyKK2WGPvNeDpFgAmzIK-8FJ6rMpBWPtjA1Z0ZIXlwrMfRdMfuKvvuNB3jT0nJepun6SNBDdnKilwDaD9gBscrIyhT841umBhnF9JLDKlEB71ETgH1sQrDHvCrUMDB2XL49YSBUp2w5VGmJ4Bj5kUEHf21FqmGxb-YRy7VXFAuboXbltsL-a5yphlJE.JmxEhZ3Wk07i_qFwuPe5qipdJraV4KyUJ0HbffzxUHI&dib_tag=se&keywords=steam+cleaning+power+efficient+washing+machine&qid=1752900250&sr=8-19)",360,,
"[Jukkre Portable steam cleaner, power 2000 W, pressure, 3 bar, 28 g/min, tank 300 ml, quick heating with swivel spout, 360 degree safety lock and accessories for cleaning the house](https://www.amazon.in/Jukkre-Portable-pressure-accessories-cleaning/dp/B0F29KH6HV/ref=sr_1_20?dib=eyJ2IjoiMSJ9.EwC7Iyl09_nx98Re8KJ3OKsqSuANbGsdBxVv889poHqv43Q0QyKK2WGPvNeDpFgAmzIK-8FJ6rMpBWPtjA1Z0ZIXlwrMfRdMfuKvvuNB3jT0nJepun6SNBDdnKilwDaD9gBscrIyhT841umBhnF9JLDKlEB71ETgH1sQrDHvCrUMDB2XL49YSBUp2w5VGmJ4Bj5kUEHf21FqmGxb-YRy7VXFAuboXbltsL-a5yphlJE.JmxEhZ3Wk07i_qFwuPe5qipdJraV4KyUJ0HbffzxUHI&dib_tag=se&keywords=steam+cleaning+power+efficient+washing+machine&qid=1752900250&sr=8-20)",2199,,
"[KAPICON KP-10 High Pressure Car Washer, 220 Bar, 2400 KW, 10 L/M Water Flow Rate Portable for Car, Bike and Car Washer High Pressure Pump for Home Use Cleaning.](https://www.amazon.in/sspa/click?ie=UTF8&spc=MTo1MzEyOTYwMTkxMzQzMjQyOjE3NTI5MDAyNTA6c3BfYnRmOjMwMDM3NDk3NjQ2NDgzMjo6MDo6&url=%2FKP-10-Applications-Accessories-kilowatts-Pressure%2Fdp%2FB0C6XRN7XF%2Fref%3Dsr_1_21_sspa%3Fdib%3DeyJ2IjoiMSJ9.EwC7Iyl09_nx98Re8KJ3OKsqSuANbGsdBxVv889poHqv43Q0QyKK2WGPvNeDpFgAmzIK-8FJ6rMpBWPtjA1Z0ZIXlwrMfRdMfuKvvuNB3jT0nJepun6SNBDdnKilwDaD9gBscrIyhT841umBhnF9JLDKlEB71ETgH1sQrDHvCrUMDB2XL49YSBUp2w5VGmJ4Bj5kUEHf21FqmGxb-YRy7VXFAuboXbltsL-a5yphlJE.JmxEhZ3Wk07i_qFwuPe5qipdJraV4KyUJ0HbffzxUHI%26dib_tag%3Dse%26keywords%3Dsteam%2Bcleaning%2Bpower%2Befficient%2Bwashing%2Bmachine%26qid%3D1752900250%26sr%3D8-21-spons%26sp_csd%3Dd2lkZ2V0TmFtZT1zcF9idGY%26psc%3D1&sp_cr=DUB)",4499,,
"[Kapicon KP-30 Portable High Pressure Car Washer Machine, Motive Power 1800 Watts with max Pressure 135-160 Bars, 5.5 L/Min Flow Rate, Portable for Car, Bike and Home Cleaning Purpose. (Updated Model)](https://www.amazon.in/sspa/click?ie=UTF8&spc=MTo1MzEyOTYwMTkxMzQzMjQyOjE3NTI5MDAyNTA6c3BfYnRmOjMwMDM3NDk3NjQ2NTAzMjo6MDo6&url=%2FKapicon-KP-30-Portable-Pressure-Machine%2Fdp%2FB096NWR942%2Fref%3Dsr_1_22_sspa%3Fdib%3DeyJ2IjoiMSJ9.EwC7Iyl09_nx98Re8KJ3OKsqSuANbGsdBxVv889poHqv43Q0QyKK2WGPvNeDpFgAmzIK-8FJ6rMpBWPtjA1Z0ZIXlwrMfRdMfuKvvuNB3jT0nJepun6SNBDdnKilwDaD9gBscrIyhT841umBhnF9JLDKlEB71ETgH1sQrDHvCrUMDB2XL49YSBUp2w5VGmJ4Bj5kUEHf21FqmGxb-YRy7VXFAuboXbltsL-a5yphlJE.JmxEhZ3Wk07i_qFwuPe5qipdJraV4KyUJ0HbffzxUHI%26dib_tag%3Dse%26keywords%3Dsteam%2Bcleaning%2Bpower%2Befficient%2Bwashing%2Bmachine%26qid%3D1752900250%26sr%3D8-22-spons%26sp_csd%3Dd2lkZ2V0TmFtZT1zcF9idGY%26psc%3D1&sp_cr=DUB)",6999,,
Need help?,2600,,
